﻿<?xml version="1.0"?>
<doc>
<assembly>
<name>
trsAppv2
</name>
</assembly>
<members>
<member name="T:trsAppv2.My.Resources.Resources">
<summary>
  A strongly-typed resource class, for looking up localized strings, etc.
</summary>
</member>
<member name="P:trsAppv2.My.Resources.Resources.ResourceManager">
<summary>
  Returns the cached ResourceManager instance used by this class.
</summary>
</member>
<member name="P:trsAppv2.My.Resources.Resources.Culture">
<summary>
  Overrides the current thread's CurrentUICulture property for all
  resource lookups using this strongly typed resource class.
</summary>
</member>
<member name="T:trsAppv2.trsAppDataSet">
<summary>
Represents a strongly typed in-memory cache of data.
</summary>
</member>
<member name="T:trsAppv2.trsAppDataSet.banksDataTable">
<summary>
Represents the strongly named DataTable class.
</summary>
</member>
<member name="T:trsAppv2.trsAppDataSet.collectionsDataTable">
<summary>
Represents the strongly named DataTable class.
</summary>
</member>
<member name="T:trsAppv2.trsAppDataSet.particularsDataTable">
<summary>
Represents the strongly named DataTable class.
</summary>
</member>
<member name="T:trsAppv2.trsAppDataSet.projectsDataTable">
<summary>
Represents the strongly named DataTable class.
</summary>
</member>
<member name="T:trsAppv2.trsAppDataSet.usersDataTable">
<summary>
Represents the strongly named DataTable class.
</summary>
</member>
<member name="T:trsAppv2.trsAppDataSet.bankacctDataTable">
<summary>
Represents the strongly named DataTable class.
</summary>
</member>
<member name="T:trsAppv2.trsAppDataSet.banksRow">
<summary>
Represents strongly named DataRow class.
</summary>
</member>
<member name="T:trsAppv2.trsAppDataSet.collectionsRow">
<summary>
Represents strongly named DataRow class.
</summary>
</member>
<member name="T:trsAppv2.trsAppDataSet.particularsRow">
<summary>
Represents strongly named DataRow class.
</summary>
</member>
<member name="T:trsAppv2.trsAppDataSet.projectsRow">
<summary>
Represents strongly named DataRow class.
</summary>
</member>
<member name="T:trsAppv2.trsAppDataSet.usersRow">
<summary>
Represents strongly named DataRow class.
</summary>
</member>
<member name="T:trsAppv2.trsAppDataSet.bankacctRow">
<summary>
Represents strongly named DataRow class.
</summary>
</member>
<member name="T:trsAppv2.trsAppDataSet.banksRowChangeEvent">
<summary>
Row event argument class
</summary>
</member>
<member name="T:trsAppv2.trsAppDataSet.collectionsRowChangeEvent">
<summary>
Row event argument class
</summary>
</member>
<member name="T:trsAppv2.trsAppDataSet.particularsRowChangeEvent">
<summary>
Row event argument class
</summary>
</member>
<member name="T:trsAppv2.trsAppDataSet.projectsRowChangeEvent">
<summary>
Row event argument class
</summary>
</member>
<member name="T:trsAppv2.trsAppDataSet.usersRowChangeEvent">
<summary>
Row event argument class
</summary>
</member>
<member name="T:trsAppv2.trsAppDataSet.bankacctRowChangeEvent">
<summary>
Row event argument class
</summary>
</member>
<member name="T:trsAppv2.trsAppDataSetTableAdapters.banksTableAdapter">
<summary>
Represents the connection and commands used to retrieve and save data.
</summary>
</member>
<member name="T:trsAppv2.trsAppDataSetTableAdapters.collectionsTableAdapter">
<summary>
Represents the connection and commands used to retrieve and save data.
</summary>
</member>
<member name="T:trsAppv2.trsAppDataSetTableAdapters.particularsTableAdapter">
<summary>
Represents the connection and commands used to retrieve and save data.
</summary>
</member>
<member name="T:trsAppv2.trsAppDataSetTableAdapters.projectsTableAdapter">
<summary>
Represents the connection and commands used to retrieve and save data.
</summary>
</member>
<member name="T:trsAppv2.trsAppDataSetTableAdapters.usersTableAdapter">
<summary>
Represents the connection and commands used to retrieve and save data.
</summary>
</member>
<member name="T:trsAppv2.trsAppDataSetTableAdapters.bankacctTableAdapter">
<summary>
Represents the connection and commands used to retrieve and save data.
</summary>
</member>
<member name="T:trsAppv2.trsAppDataSetTableAdapters.TableAdapterManager">
<summary>
TableAdapterManager is used to coordinate TableAdapters in the dataset to enable Hierarchical Update scenarios
</summary>
</member>
<member name="M:trsAppv2.trsAppDataSetTableAdapters.TableAdapterManager.UpdateUpdatedRows(trsAppv2.trsAppDataSet,System.Collections.Generic.List{System.Data.DataRow},System.Collections.Generic.List{System.Data.DataRow})">
<summary>
Update rows in top-down order.
</summary>
</member>
<member name="M:trsAppv2.trsAppDataSetTableAdapters.TableAdapterManager.UpdateInsertedRows(trsAppv2.trsAppDataSet,System.Collections.Generic.List{System.Data.DataRow})">
<summary>
Insert rows in top-down order.
</summary>
</member>
<member name="M:trsAppv2.trsAppDataSetTableAdapters.TableAdapterManager.UpdateDeletedRows(trsAppv2.trsAppDataSet,System.Collections.Generic.List{System.Data.DataRow})">
<summary>
Delete rows in bottom-up order.
</summary>
</member>
<member name="M:trsAppv2.trsAppDataSetTableAdapters.TableAdapterManager.GetRealUpdatedRows(System.Data.DataRow[],System.Collections.Generic.List{System.Data.DataRow})">
<summary>
Remove inserted rows that become updated rows after calling TableAdapter.Update(inserted rows) first
</summary>
</member>
<member name="M:trsAppv2.trsAppDataSetTableAdapters.TableAdapterManager.UpdateAll(trsAppv2.trsAppDataSet)">
<summary>
Update all changes to the dataset.
</summary>
</member>
<member name="T:trsAppv2.trsAppDataSetTableAdapters.TableAdapterManager.UpdateOrderOption">
<summary>
Update Order Option
</summary>
</member>
<member name="T:trsAppv2.trsAppDataSetTableAdapters.TableAdapterManager.SelfReferenceComparer">
<summary>
Used to sort self-referenced table's rows
</summary>
</member>
</members>
</doc>
